{
    "name": "root",
    "metadata": {
        "timer_format_version": "0.1.0",
        "start_time_seconds": "1702244923",
        "python_version": "3.9.13 (tags/v3.9.13:6de2ca5, May 17 2022, 16:36:42) [MSC v.1929 64 bit (AMD64)]",
        "command_line_arguments": "C:\\Users\\Sasha\\Desktop\\inzynierka\\My project (1)\\venv\\Scripts\\mlagents-learn --run-id=AITest5",
        "mlagents_version": "0.30.0",
        "mlagents_envs_version": "0.30.0",
        "communication_protocol_version": "1.5.0",
        "pytorch_version": "2.1.1+cpu",
        "numpy_version": "1.21.2",
        "end_time_seconds": "1702245129"
    },
    "total": 205.9606552,
    "count": 1,
    "self": 0.026002799999986337,
    "children": {
        "run_training.setup": {
            "total": 0.07864629999999995,
            "count": 1,
            "self": 0.07864629999999995
        },
        "TrainerController.start_learning": {
            "total": 205.8560061,
            "count": 1,
            "self": 0.10380249999960256,
            "children": {
                "TrainerController._reset_env": {
                    "total": 52.85376600000001,
                    "count": 1,
                    "self": 52.85376600000001
                },
                "TrainerController.advance": {
                    "total": 152.4700997000004,
                    "count": 2393,
                    "self": 0.12080720000002998,
                    "children": {
                        "env_step": {
                            "total": 151.75777799999992,
                            "count": 2393,
                            "self": 145.82141110000066,
                            "children": {
                                "SubprocessEnvManager._take_step": {
                                    "total": 5.877968699999819,
                                    "count": 2393,
                                    "self": 0.4122934999997696,
                                    "children": {
                                        "TorchPolicy.evaluate": {
                                            "total": 5.4656752000000495,
                                            "count": 3305,
                                            "self": 5.4656752000000495
                                        }
                                    }
                                },
                                "workers": {
                                    "total": 0.05839819999945206,
                                    "count": 2392,
                                    "self": 0.0,
                                    "children": {
                                        "worker_root": {
                                            "total": 85.85576359999992,
                                            "count": 2392,
                                            "is_parallel": true,
                                            "self": 12.425379800000073,
                                            "children": {
                                                "steps_from_proto": {
                                                    "total": 0.0011424000000062051,
                                                    "count": 2,
                                                    "is_parallel": true,
                                                    "self": 0.0007956000000035601,
                                                    "children": {
                                                        "_process_rank_one_or_two_observation": {
                                                            "total": 0.000346800000002645,
                                                            "count": 4,
                                                            "is_parallel": true,
                                                            "self": 0.000346800000002645
                                                        }
                                                    }
                                                },
                                                "UnityEnvironment.step": {
                                                    "total": 73.42924139999984,
                                                    "count": 2392,
                                                    "is_parallel": true,
                                                    "self": 0.5160359999995592,
                                                    "children": {
                                                        "UnityEnvironment._generate_step_input": {
                                                            "total": 0.378496699999495,
                                                            "count": 2392,
                                                            "is_parallel": true,
                                                            "self": 0.378496699999495
                                                        },
                                                        "communicator.exchange": {
                                                            "total": 71.1475651000001,
                                                            "count": 2392,
                                                            "is_parallel": true,
                                                            "self": 71.1475651000001
                                                        },
                                                        "steps_from_proto": {
                                                            "total": 1.387143600000698,
                                                            "count": 4784,
                                                            "is_parallel": true,
                                                            "self": 0.8300319000000584,
                                                            "children": {
                                                                "_process_rank_one_or_two_observation": {
                                                                    "total": 0.5571117000006396,
                                                                    "count": 9568,
                                                                    "is_parallel": true,
                                                                    "self": 0.5571117000006396
                                                                }
                                                            }
                                                        }
                                                    }
                                                }
                                            }
                                        }
                                    }
                                }
                            }
                        },
                        "trainer_advance": {
                            "total": 0.5915145000004358,
                            "count": 4784,
                            "self": 0.14976510000005305,
                            "children": {
                                "process_trajectory": {
                                    "total": 0.44174940000038276,
                                    "count": 4784,
                                    "self": 0.44174940000038276
                                }
                            }
                        }
                    }
                },
                "TrainerController._save_models": {
                    "total": 0.4283379000000025,
                    "count": 1,
                    "self": 0.045731400000022404,
                    "children": {
                        "RLTrainer._checkpoint": {
                            "total": 0.3826064999999801,
                            "count": 2,