{
    "name": "root",
    "metadata": {
        "timer_format_version": "0.1.0",
        "start_time_seconds": "1702242581",
        "python_version": "3.9.13 (tags/v3.9.13:6de2ca5, May 17 2022, 16:36:42) [MSC v.1929 64 bit (AMD64)]",
        "command_line_arguments": "C:\\Users\\Sasha\\Desktop\\inzynierka\\My project (1)\\venv\\Scripts\\mlagents-learn --run-id=AITest3",
        "mlagents_version": "0.30.0",
        "mlagents_envs_version": "0.30.0",
        "communication_protocol_version": "1.5.0",
        "pytorch_version": "2.1.1+cpu",
        "numpy_version": "1.21.2",
        "end_time_seconds": "1702242906"
    },
    "total": 324.7083545,
    "count": 1,
    "self": 0.018528199999991557,
    "children": {
        "run_training.setup": {
            "total": 0.061462300000000525,
            "count": 1,
            "self": 0.061462300000000525
        },
        "TrainerController.start_learning": {
            "total": 324.628364,
            "count": 1,
            "self": 0.1378367999996044,
            "children": {
                "TrainerController._reset_env": {
                    "total": 41.7215039,
                    "count": 1,
                    "self": 41.7215039
                },
                "TrainerController.advance": {
                    "total": 282.55571140000035,
                    "count": 3830,
                    "self": 0.14571750000015982,
                    "children": {
                        "env_step": {
                            "total": 280.9443921999997,
                            "count": 3830,
                            "self": 273.36751180000056,
                            "children": {
                                "SubprocessEnvManager._take_step": {
                                    "total": 7.490591500000143,
                                    "count": 3832,
                                    "self": 0.3765593999999055,
                                    "children": {
                                        "TorchPolicy.evaluate": {
                                            "total": 7.114032100000237,
                                            "count": 3616,
                                            "self": 7.114032100000237
                                        }
                                    }
                                },
                                "workers": {
                                    "total": 0.08628889999902611,
                                    "count": 3829,
                                    "self": 0.0,
                                    "children": {
                                        "worker_root": {
                                            "total": 122.75175760000008,
                                            "count": 3829,
                                            "is_parallel": true,
                                            "self": 16.4167247000008,
                                            "children": {
                                                "steps_from_proto": {
                                                    "total": 0.0021230999999914957,
                                                    "count": 3,
                                                    "is_parallel": true,
                                                    "self": 0.0012704999999897382,
                                                    "children": {
                                                        "_process_rank_one_or_two_observation": {
                                                            "total": 0.0008526000000017575,
                                                            "count": 6,
                                                            "is_parallel": true,
                                                            "self": 0.0008526000000017575
                                                        }
                                                    }
                                                },
                                                "UnityEnvironment.step": {
                                                    "total": 106.33290979999929,
                                                    "count": 3829,
                                                    "is_parallel": true,
                                                    "self": 0.5836156999978925,
                                                    "children": {
                                                        "UnityEnvironment._generate_step_input": {
                                                            "total": 0.5443055000005543,
                                                            "count": 3829,
                                                            "is_parallel": true,
                                                            "self": 0.5443055000005543
                                                        },
                                                        "communicator.exchange": {
                                                            "total": 103.35442830000054,
                                                            "count": 3829,
                                                            "is_parallel": true,
                                                            "self": 103.35442830000054
                                                        },
                                                        "steps_from_proto": {
                                                            "total": 1.8505603000003106,
                                                            "count": 3829,
                                                            "is_parallel": true,
                                                            "self": 1.145002900000513,
                                                            "children": {
                                                                "_process_rank_one_or_two_observation": {
                                                                    "total": 0.7055573999997975,
                                                                    "count": 7658,
                                                                    "is_parallel": true,
                                                                    "self": 0.7055573999997975
                                                                }
                                                            }
                                                        }
                                                    }
                                                }
                                            }
                                        }
                                    }
                                }
                            }
                        },
                        "trainer_advance": {
                            "total": 1.465601700000498,
                            "count": 3829,
                            "self": 0.15705060000037463,
                            "children": {
                                "process_trajectory": {
                                    "total": 1.3085511000001233,
                                    "count": 3829,
                                    "self": 1.3085511000001233
                                }
                            }
                        }
                    }
                },
                "TrainerController._save_models": {
                    "total": 0.21331190000000788,
                    "count": 1,
                    "self": 4.99000000218075e-05,
                    "children": {
                        "RLTrainer._checkpoint": {
                            "total": 0.21326199999998607,
                            "count": 1,